WORD_ID,VOCAB_WORD
0,http
1,use
2,list
3,email
4,get
5,mail
6,one
7,free
8,time
9,work
10,messag
11,make
12,like
13,would
14,peopl
15,new
16,inform
17,receiv
18,pleas
19,click
20,busi
21,address
22,want
23,us
24,need
25,order
26,remov
27,also
28,go
29,year
30,send
31,money
32,file
33,compani
34,system
35,report
36,way
37,wrote
38,name
39,user
40,look
41,site
42,chang
43,day
44,know
45,state
46,program
47,may
48,see
49,call
50,could
51,group
52,even
53,think
54,includ
55,linux
56,first
57,offer
58,take
59,say
60,right
61,servic
62,tri
63,world
64,help
65,find
66,internet
67,market
68,product
69,mani
70,much
71,home
72,said
73,softwar
74,web
75,problem
76,date
77,line
78,spam
79,link
80,start
81,check
82,number
83,run
84,good
85,thing
86,well
87,subject
88,interest
89,phone
90,govern
91,person
92,provid
93,set
94,today
95,come
96,ad
97,million
98,give
99,server
100,follow
101,back
102,best
103,month
104,form
105,rate
106,everi
107,secur
108,gener
109,url
110,price
111,still
112,comput
113,packag
114,instal
115,code
116,sent
117,avail
118,life
119,version
120,commun
121,read
122,sinc
123,grant
124,maintain
125,sponsor
126,thank
127,network
128,two
129,differ
130,credit
131,without
132,made
133,develop
134,support
135,within
136,week
137,page
138,write
139,save
140,realli
141,case
142,subscript
143,irish
144,someth
145,current
146,un
147,last
148,anyon
149,onlin
150,complet
151,sure
152,build
153,seem
154,card
155,requir
156,manag
157,custom
158,de
159,ilug
160,never
161,better
162,window
163,keep
164,special
165,ca
166,point
167,place
168,search
169,per
170,anoth
171,found
172,actual
173,access
174,result
175,repli
176,contact
177,question
178,part
179,base
180,futur
181,listmast
182,old
183,put
184,issu
185,wish
186,long
187,next
188,let
189,live
190,hour
191,countri
192,end
193,invest
194,unsubscrib
195,must
196,easi
197,mean
198,process
199,unit
200,great
201,lot
202,got
203,nation
204,account
205,technolog
206,show
207,guarante
208,might
209,power
210,releas
211,legal
212,data
213,cost
214,allow
215,success
216,sourc
217,news
218,engin
219,possibl
220,visit
221,profession
222,trade
223,post
224,idea
225,increas
226,pay
227,ask
228,public
229,advertis
230,open
231,error
232,opportun
233,websit
234,test
235,real
236,sell
237,ever
238,less
239,respons
240,insur
241,plan
242,design
243,tell
244,creat
245,word
246,buy
247,reason
248,prefer
249,howev
250,heaven
251,someon
252,effect
253,aug
254,color
255,cd
256,law
257,sale
258,improv
259,applic
260,around
261,instead
262,fact
263,least
264,box
265,ye
266,dollar
267,fix
268,american
269,rpm
270,job
271,copi
272,probabl
273,simpl
274,origin
275,believ
276,cours
277,contain
278,move
279,type
280,fax
281,happen
282,though
283,friend
284,littl
285,els
286,financi
287,total
288,share
289,valu
290,welcom
291,request
292,add
293,exampl
294,return
295,abl
296,client
297,format
298,perl
299,anyth
300,simpli
301,alway
302,alreadi
303,high
304,protect
305,full
306,fill
307,cash
308,mailto
309,feel
310,directori
311,purchas
312,regard
313,stop
314,licens
315,bit
316,signatur
317,import
318,experi
319,intern
320,answer
321,polici
322,exist
323,past
324,note
325,famili
326,learn
327,updat
328,top
329,info
330,sep
331,geek
332,becom
333,act
334,lead
335,drive
336,age
337,small
338,second
339,ship
340,instruct
341,suppli
342,control
343,member
344,databas
345,low
346,thousand
347,recent
348,incom
349,select
350,featur
351,stuff
352,minut
353,appli
354,yet
355,done
356,industri
357,turn
358,sever
359,citi
360,folder
361,limit
362,continu
363,tool
364,understand
365,detail
366,guid
367,c
368,noth
369,e
370,exmh
371,notic
372,everyth
373,step
374,enough
375,oper
376,big
377,claim
378,sign
379,caus
380,univers
381,letter
382,larg
383,key
384,other
385,care
386,three
387,hard
388,thinkgeek
389,connect
390,record
391,etc
392,text
393,accept
394,discuss
395,thu
396,bill
397,term
398,play
399,specif
400,pgp
401,offic
402,via
403,america
404,talk
405,deal
406,mayb
407,immedi
408,direct
409,option
410,download
411,major
412,seen
413,forc
414,subscrib
415,hope
416,true
417,kind
418,center
419,thought
420,individu
421,method
422,decid
423,rule
424,lose
425,log
426,plu
427,natur
428,matter
429,comment
430,either
431,risk
432,yahoo
433,assist
434,quot
435,rather
436,present
437,mime
438,away
439,content
440,wait
441,rememb
442,bank
443,hand
444,r
445,fund
446,local
447,kernel
448,project
449,secret
450,loan
451,hundr
452,level
453,train
454,activ
455,corpor
456,consid
457,research
458,matthia
459,razor
460,area
461,august
462,forward
463,book
464,bodi
465,root
466,stori
467,addit
468,machin
469,target
470,benefit
471,standard
472,entir
473,war
474,suggest
475,quit
476,bad
477,document
478,appear
479,posit
480,presid
481,global
482,copyright
483,bug
484,author
485,often
486,expect
487,distribut
488,juli
489,polit
490,mind
491,human
492,septemb
493,grow
494,jul
495,ago
496,size
497,qualiti
498,hit
499,trust
500,none
501,easili
502,partner
503,absolut
504,island
505,pm
506,b
507,whether
508,agent
509,love
510,join
511,given
512,collect
513,involv
514,solut
515,happi
516,amount
517,fast
518,associ
519,domain
520,singl
521,charg
522,man
523,whole
524,promot
525,dvd
526,earn
527,far
528,later
529,fork
530,sort
531,parti
532,feder
533,hi
534,submit
535,upon
536,mortgag
537,enter
538,normal
539,potenti
540,meet
541,wed
542,refer
543,wrong
544,function
545,nice
546,red
547,tm
548,load
549,john
550,wonder
551,publish
552,social
553,econom
554,almost
555,transact
556,discov
557,everyon
558,reach
559,close
560,pass
561,view
562,fail
563,execut
564,sound
565,depend
566,women
567,perform
568,profit
569,privat
570,broadcast
571,attack
572,x
573,newslett
574,automat
575,relat
576,paid
577,contract
578,statement
579,effort
580,delet
581,begin
582,mark
583,foreign
584,compil
585,sequenc
586,miss
587,regist
588,media
589,bush
590,spamassassin
591,final
592,figur
593,cell
594,header
595,stock
596,handl
597,command
598,display
599,similar
600,action
601,tuesday
602,locat
603,game
604,transfer
605,digit
606,templ
607,pick
608,wo
609,hat
610,event
611,disk
612,produc
613,chri
614,known
615,soon
616,track
617,articl
618,print
619,tax
620,longer
621,properti
622,mention
623,pretti
624,toner
625,default
626,dear
627,script
628,store
629,debt
630,men
631,pc
632,oblig
633,hous
634,microsoft
635,sun
636,imag
637,respect
638,upgrad
639,organ
640,due
641,bulk
642,enenkio
643,commiss
644,administr
645,weight
646,capit
647,payment
648,health
649,freedom
650,daili
651,along
652,cartridg
653,propos
654,practic
655,usa
656,half
657,worth
658,offici
659,n
660,came
661,billion
662,resourc
663,languag
664,strategi
665,late
666,leav
667,assum
668,platform
669,concern
670,net
671,clear
672,remain
673,street
674,devic
675,html
676,exactli
677,anyway
678,lost
679,car
680,ignor
681,tire
682,ok
683,interact
684,went
685,hear
686,tue
687,respond
688,head
689,deliv
690,taken
691,tablet
692,la
693,independ
694,configur
695,bring
696,clean
697,perhap
698,qualifi
699,space
700,averag
701,watch
702,fine
703,fals
704,press
705,invok
706,retail
707,school
708,short
709,expens
710,recommend
711,enabl
712,fall
713,membership
714,memori
715,consult
716,huge
717,host
718,fee
719,guess
720,suit
721,extrem
722,edit
723,left
724,xml
725,review
726,usual
727,choos
728,common
729,warn
730,advantag
731,compar
732,except
733,en
734,materi
735,port
736,agre
737,region
738,main
739,side
740,abil
741,field
742,announc
743,paper
744,five
745,told
746,guy
747,le
748,fri
749,basic
750,although
751,dream
752,drop
753,educ
754,growth
755,black
756,spend
757,hold
758,readi
759,item
760,vulner
761,win
762,cheer
763,model
764,replac
765,face
766,bonu
767,electron
768,interfac
769,studi
770,confidenti
771,unseen
772,reserv
773,loss
774,altern
775,mon
776,accord
777,safe
778,kingdom
779,intend
780,avoid
781,j
782,choic
783,implement
784,oz
785,id
786,approv
787,multipl
788,rest
789,commerci
790,situat
791,histori
792,moment
793,break
794,combin
795,extra
796,employ
797,investig
798,p
799,togeth
800,chanc
801,insid
802,initi
803,quick
804,pictur
805,section
806,purpos
807,coupl
808,advanc
809,confirm
810,msg
811,monday
812,util
813,across
814,court
815,goe
816,particular
817,unless
818,burn
819,object
820,energi
821,score
822,express
823,male
824,et
825,india
826,owner
827,took
828,indic
829,video
830,sens
831,count
832,filter
833,directli
834,correct
835,speed
836,societi
837,agenc
838,anywher
839,four
840,valid
841,die
842,procedur
843,profil
844,variou
845,match
846,ventur
847,uniqu
848,cut
849,gpl
850,period
851,seek
852,sex
853,consum
854,piec
855,especi
856,whatev
857,white
858,certain
859,investor
860,spammer
861,kevin
862,behalf
863,knowledg
864,class
865,explain
866,setup
867,popul
868,adam
869,remot
870,gain
871,latest
872,militari
873,tip
874,atol
875,oh
876,dagga
877,unison
878,ftp
879,block
880,marshal
881,googl
882,gari
883,unix
884,south
885,tv
886,patch
887,lawrenc
888,team
889,valuabl
890,smoke
891,establish
892,switch
893,aaaaaaaaaaaaaaaaaaaaaaaaaaaaaaaaaaaaaaaaaaaaaaaaaaaaaaaaaaaaaaaaaaaaaaaaaaaa
894,java
895,shop
896,imagin
897,ragga
898,integr
899,prevent
900,robert
901,third
902,attempt
903,prepar
904,boot
905,folk
906,privaci
907,will
908,manual
909,heard
910,sometim
911,sorri
912,necessari
913,hardwar
914,tag
915,particip
916,congress
917,york
918,screen
919,reduc
920,saou
921,bottl
922,sa
923,fastest
924,china
925,night
926,cover
927,backup
928,enjoy
929,stand
930,depart
931,goal
932,driver
933,regul
934,alb
935,obtain
936,path
937,seriou
938,certainli
939,mass
940,botan
941,suppos
942,h
943,lower
944,competit
945,amaz
946,land
947,promis
948,fulli
949,poor
950,medic
951,speak
952,capabl
953,extend
954,scienc
955,introduc
956,traffic
957,apolog
958,titl
959,lowest
960,deathtospamdeathtospamdeathtospam
961,defin
962,describ
963,movi
964,troubl
965,definit
966,paul
967,film
968,neg
969,cv
970,exchang
971,rang
972,easier
973,decis
974,sender
975,os
976,wireless
977,osdn
978,technic
979,death
980,approach
981,murphi
982,earli
983,six
984,predict
985,commit
986,quickli
987,written
988,beberg
989,fortun
990,redhat
991,kill
992,sold
993,im
994,worri
995,firm
996,apt
997,ham
998,music
999,button
1000,seventh
1001,judgment
1002,michael
1003,mobil
1004,fat
1005,economi
1006,north
1007,king
1008,father
1009,ensur
1010,opinion
1011,faster
1012,browser
1013,attach
1014,telephon
1015,achiev
1016,premium
1017,player
1018,librari
1019,argument
1020,bar
1021,archiv
1022,enterpris
1023,techniqu
1024,travel
1025,desir
1026,separ
1027,adult
1028,cooper
1029,threat
1030,demand
1031,board
1032,deserv
1033,appar
1034,uk
1035,f
1036,modul
1037,anim
1038,condit
1039,hello
1040,wide
1041,attent
1042,enhanc
1043,determin
1044,estat
1045,stay
1046,dave
1047,elimin
1048,terrorist
1049,outsid
1050,expert
1051,repres
1052,monthli
1053,virtual
1054,wall
1055,children
1056,drug
1057,cabl
1058,modifi
1059,environ
1060,declar
1061,held
1062,pain
1063,sincer
1064,gnupg
1065,permiss
1066,washington
1067,signific
1068,fun
1069,danger
1070,kid
1071,iii
1072,confid
1073,relev
1074,david
1075,w
1076,cat
1077,rich
1078,canada
1079,sum
1080,l
1081,programm
1082,g
1083,exclus
1084,cc
1085,equip
1086,air
1087,proven
1088,popular
1089,forev
1090,string
1091,diet
1092,bitbitch
1093,justin
1094,excel
1095,bottom
1096,paragraph
1097,centuri
1098,usd
1099,expand
1100,friday
1101,factor
1102,skip
1103,central
1104,near
1105,anybodi
1106,pattern
1107,san
1108,monitor
1109,challeng
1110,identifi
1111,relationship
1112,toward
1113,appreci
1114,excit
1115,behind
1116,asset
1117,director
1118,terror
1119,exercis
1120,confer
1121,girl
1122,perfect
1123,rh
1124,roman
1125,citizen
1126,sexual
1127,discoveri
1128,unsolicit
1129,background
1130,defens
1131,progress
1132,rais
1133,whose
1134,among
1135,hettinga
1136,difficult
1137,sampl
1138,road
1139,fit
1140,west
1141,rel
1142,photo
1143,acquir
1144,entri
1145,spain
1146,colleg
1147,lender
1148,illeg
1149,partit
1150,intellig
1151,thread
1152,octob
1153,reader
1154,seri
1155,earth
1156,serv
1157,chief
1158,tie
1159,william
1160,strong
1161,confus
1162,solv
1163,instant
1164,refin
1165,ms
1166,largest
1167,european
1168,tree
1169,stupid
1170,fair
1171,measur
1172,french
1173,verifi
1174,mode
1175,extract
1176,built
1177,equival
1178,peac
1179,regular
1180,procmail
1181,index
1182,sweet
1183,oct
1184,lock
1185,slow
1186,laptop
1187,deliveri
1188,resid
1189,conveni
1190,mac
1191,reliabl
1192,smart
1193,datapow
1194,dead
1195,categori
1196,brian
1197,tradit
1198,suse
1199,inlin
1200,africa
1201,front
1202,graphic
1203,arial
1204,ident
1205,cach
1206,europ
1207,voic
1208,leader
1209,femal
1210,useless
1211,ten
1212,annuiti
1213,realiz
1214,emerg
1215,evid
1216,statu
1217,tim
1218,capillari
1219,gnu
1220,campaign
1221,compat
1222,fire
1223,occur
1224,verdana
1225,desktop
1226,cultur
1227,therefor
1228,abus
1229,gift
1230,young
1231,satellit
1232,concept
1233,revenu
1234,higher
1235,physic
1236,institut
1237,previous
1238,herba
1239,brand
1240,warranti
1241,convers
1242,thursday
1243,walk
1244,deposit
1245,aid
1246,launch
1247,nigeria
1248,roll
1249,doubt
1250,degre
1251,concentr
1252,underlin
1253,june
1254,contribut
1255,otherwis
1256,weapon
1257,compet
1258,echo
1259,classifi
1260,repositori
1261,forget
1262,yeah
1263,carri
1264,pacif
1265,unlimit
1266,indian
1267,wife
1268,inde
1269,honor
1270,arriv
1271,former
1272,token
1273,conflict
1274,powel
1275,recipi
1276,critic
1277,listen
1278,fight
1279,affili
1280,sat
1281,percent
1282,storag
1283,tech
1284,unfortun
1285,extens
1286,password
1287,isp
1288,app
1289,surpris
1290,sleep
1291,effici
1292,art
1293,civil
1294,catch
1295,basi
1296,hot
1297,hermio
1298,assur
1299,detect
1300,succeed
1301,sit
1302,jabber
1303,garrigu
1304,water
1305,intro
1306,panel
1307,substanti
1308,printer
1309,alsa
1310,kept
1311,enemi
1312,tabl
1313,light
1314,charact
1315,ip
1316,pull
1317,proprietari
1318,descript
1319,scan
1320,menu
1321,mine
1322,jm
1323,saw
1324,advic
1325,god
1326,attract
1327,wednesday
1328,truth
1329,discount
1330,pudg
1331,joe
1332,v
1333,revers
1334,disabl
1335,output
1336,af
1337,gone
1338,analysi
1339,euro
1340,manufactur
1341,structur
1342,balanc
1343,vendor
1344,worldwid
1345,seven
1346,lack
1347,room
1348,cool
1349,specifi
1350,vote
1351,agreement
1352,decad
1353,morn
1354,jame
1355,franc
1356,teach
1357,alon
1358,k
1359,california
1360,awar
1361,whitelist
1362,patent
1363,wast
1364,editor
1365,gold
1366,boston
1367,inc
1368,nobodi
1369,polic
1370,construct
1371,zip
1372,innov
1373,insert
1374,treat
1375,ga
1376,tom
1377,financ
1378,temperatur
1379,highli
1380,career
1381,obvious
1382,clue
1383,u
1384,theori
1385,journal
1386,constitut
1387,gcc
1388,afford
1389,touch
1390,int
1391,spec
1392,input
1393,impress
1394,son
1395,encourag
1396,incred
1397,ultim
1398,flag
1399,usag
1400,attorney
1401,trick
1402,ebay
1403,peni
1404,ab
1405,greater
1406,correspond
1407,brain
1408,anymor
1409,cent
1410,mother
1411,master
1412,hp
1413,annual
1414,boy
1415,previou
1416,blank
1417,middl
1418,blood
1419,trial
1420,jim
1421,wake
1422,el
1423,greg
1424,stream
1425,suffer
1426,larger
1427,cbyi
1428,dan
1429,hate
1430,urgent
1431,mechan
1432,democrat
1433,mike
1434,focu
1435,pound
1436,advis
1437,perman
1438,cheap
1439,summari
1440,judg
1441,varieti
1442,star
1443,particularli
1444,mostli
1445,flow
1446,speech
1447,php
1448,skeptic
1449,underwrit
1450,smtp
1451,style
1452,delay
1453,behavior
1454,vacat
1455,instanc
1456,percentag
1457,wealth
1458,bold
1459,dynam
1460,mistak
1461,obviou
1462,warm
1463,super
1464,destruct
1465,comfort
1466,republ
1467,keyboard
1468,toni
1469,binari
1470,dark
1471,earlier
1472,rock
1473,reveal
1474,aa
1475,laserjet
1476,suspect
1477,termin
1478,auto
1479,woman
1480,firewal
1481,eye
1482,rick
1483,arm
1484,channel
1485,mailer
1486,affect
1487,telecom
1488,steve
1489,se
1490,tend
1491,motiv
1492,ban
1493,essenti
1494,consolid
1495,ireland
1496,knew
1497,btw
1498,skill
1499,prospect
1500,domest
1501,principl
1502,floppi
1503,vipul
1504,alli
1505,consist
1506,heart
1507,rss
1508,english
1509,recogn
1510,core
1511,lawyer
1512,highlight
1513,wing
1514,prompt
1515,pack
1516,beta
1517,estim
1518,impact
1519,magazin
1520,eventu
1521,somewher
1522,eval
1523,dell
1524,restor
1525,gnome
1526,opt
1527,defend
1528,nearli
1529,invit
1530,lifetim
1531,task
1532,pipe
1533,revis
1534,variabl
1535,role
1536,planta
1537,beat
1538,vehicl
1539,staff
1540,comprehens
1541,font
1542,unlik
1543,convert
1544,ftoc
1545,march
1546,fl
1547,python
1548,pocket
1549,eat
1550,dn
1551,clearli
1552,babi
1553,audio
1554,teledynam
1555,ground
1556,food
1557,map
1558,hair
1559,modem
1560,biggest
1561,despit
1562,histor
1563,modern
1564,ec
1565,favor
1566,picasso
1567,commentari
1568,bind
1569,ii
1570,complianc
1571,sensit
1572,bf
1573,suck
1574,fresh
1575,strength
1576,shown
1577,senior
1578,exploit
1579,minimum
1580,dragon
1581,british
1582,coverag
1583,netscap
1584,strongli
1585,mlm
1586,config
1587,spot
1588,conserv
1589,met
1590,gave
1591,interview
1592,employe
1593,ea
1594,protocol
1595,texa
1596,failur
1597,liber
1598,beyond
1599,truli
1600,permit
1601,dont
1602,instantli
1603,mile
1604,stabl
1605,mailbox
1606,doctor
1607,peter
1608,synchron
1609,equal
1610,tx
1611,everybodi
1612,calcul
1613,signal
1614,tape
1615,typic
1616,brought
1617,reli
1618,consider
1619,optim
1620,visa
1621,translat
1622,exact
1623,showcas
1624,q
1625,dial
1626,revok
1627,startup
1628,worst
1629,geeg
1630,hidden
1631,chines
1632,crash
1633,al
1634,distanc
1635,led
1636,proper
1637,char
1638,hover
1639,draw
1640,bonus
1641,favorit
1642,annoy
1643,neighbor
1644,crimin
1645,boss
1646,plant
1647,broker
1648,finish
1649,extern
1650,spent
1651,prove
1652,imposs
1653,evil
1654,stylu
1655,yesterday
1656,bigger
1657,artist
1658,repair
1659,z
1660,bearer
1661,rare
1662,sole
1663,foundat
1664,feet
1665,ran
1666,retriev
1667,acknowledg
1668,explor
1669,sir
1670,bb
1671,pop
1672,evalu
1673,expir
1674,portion
1675,beauti
1676,edward
1677,hell
1678,properli
1679,planet
1680,rebuild
1681,hotel
1682,rob
1683,scientist
1684,poverti
1685,safeti
1686,strang
1687,equiti
1688,serious
1689,hack
1690,england
1691,somebodi
1692,guidelin
1693,correctli
1694,autom
1695,station
1696,climat
1697,push
1698,antiqu
1699,jump
1700,spread
1701,helvetica
1702,sport
1703,minor
1704,bell
1705,restrict
1706,lie
1707,chicago
1708,scheme
1709,strip
1710,iiu
1711,summer
1712,prescript
1713,sunday
1714,radio
1715,para
1716,epson
1717,lo
1718,mount
1719,entertain
1720,becam
1721,vou
1722,primari
1723,fundament
1724,recruit
1725,currenc
1726,student
1727,headlin
1728,shape
1729,gentl
1730,threaten
1731,diseas
1732,seed
1733,proxi
1734,resum
1735,mainten
1736,happier
1737,architectur
1738,spamd
1739,recal
1740,merchant
1741,protest
1742,hang
1743,craig
1744,husband
1745,laser
1746,herb
1747,damag
1748,stick
1749,vast
1750,settlement
1751,bc
1752,muscl
1753,sendmail
1754,exit
1755,buyer
1756,feroc
1757,plug
1758,doubl
1759,prioriti
1760,corpu
1761,van
1762,remedi
1763,empti
1764,creativ
1765,green
1766,somehow
1767,georg
1768,disappear
1769,luck
1770,faith
1771,angl
1772,hire
1773,feedback
1774,reg
1775,dozen
1776,viagra
1777,prior
1778,symbol
1779,moor
1780,ticket
1781,western
1782,hall
1783,laugh
1784,tel
1785,ba
1786,supplement
1787,bother
1788,broken
1789,usb
1790,ssh
1791,batteri
1792,wors
1793,norton
1794,reject
1795,hormon
1796,feed
1797,aspect
1798,realiti
1799,anonym
1800,kathmandu
1801,seminar
1802,camera
1803,oil
1804,child
1805,disclaim
1806,committe
1807,substanc
1808,convent
1809,arrang
1810,doc
1811,entrepreneur
1812,acceler
1813,argu
1814,encrypt
1815,democraci
1816,pour
1817,shot
1818,parent
1819,appeal
1820,fantasi
1821,allianc
1822,shall
1823,ie
1824,perfectli
1825,à
1826,phrase
1827,slightli
1828,random
1829,electr
1830,mozilla
1831,shock
1832,sponsorship
1833,convinc
1834,neither
1835,park
1836,serial
1837,statist
1838,legitim
1839,blue
1840,authent
1841,observ
1842,empir
1843,resolv
1844,east
1845,merg
1846,barcelona
1847,refund
1848,edg
1849,award
1850,alert
1851,nort
1852,edificio
1853,hey
1854,queri
1855,frame
1856,funni
1857,strictli
1858,auction
1859,door
1860,appropri
1861,damn
1862,daniel
1863,fear
1864,highest
1865,stabil
1866,eugen
1867,aphrodisia
1868,kelli
1869,survey
1870,hunt
1871,repeat
1872,bear
1873,volum
1874,carrier
1875,surviv
1876,ac
1877,smaller
1878,tomorrow
1879,solari
1880,pressur
1881,capac
1882,lesson
1883,januari
1884,nt
1885,pablo
1886,mason
1887,declin
1888,herbal
1889,aggress
1890,amend
1891,arrest
1892,virus
1893,odd
1894,banner
1895,owen
1896,alter
1897,fairli
1898,trip
1899,te
1900,twice
1901,bought
1902,mr
1903,union
1904,meant
1905,farquhar
1906,strike
1907,duplic
1908,easiest
1909,appl
1910,complain
1911,winner
1912,compon
1913,harm
1914,cold
1915,welch
1916,race
1917,cancel
1918,exclud
1919,zero
1920,bound
1921,weekend
1922,ah
1923,violat
1924,gmt
1925,promiscu
1926,inbox
1927,licenc
1928,honest
1929,mirror
1930,vari
1931,debian
1932,round
1933,algorithm
1934,prosaka
1935,reduct
1936,nativ
1937,spray
1938,audienc
1939,pill
1940,mh
1941,farm
1942,bunch
1943,mous
1944,scam
1945,deni
1946,bandwidth
1947,formula
1948,presum
1949,md
1950,blog
1951,ratio
1952,postal
1953,genet
1954,brief
1955,compens
1956,iraq
1957,â
1958,analyst
1959,gay
1960,split
1961,club
1962,gibbon
1963,precis
1964,vjestika
1965,renew
1966,bankruptci
1967,reboot
1968,partnership
1969,elsewher
1970,possess
1971,viru
1972,approxim
1973,sea
1974,martin
1975,austin
1976,tab
1977,porn
1978,gordon
1979,dramat
1980,envelop
1981,margin
1982,reward
1983,msgid
1984,massiv
1985,testimoni
1986,plugin
1987,processor
1988,roger
1989,grand
1990,lift
1991,buffer
1992,label
1993,saturday
1994,weekli
1995,deploy
1996,infrastructur
1997,apart
1998,cancer
1999,retir
2000,environment
2001,prohibit
2002,flash
2003,anytim
2004,collabor
2005,dig
2006,fuck
2007,that
2008,agreeabl
2009,registr
2010,ibm
2011,rohit
2012,aol
2013,nvidia
2014,adopt
2015,writer
2016,complex
2017,millionair
2018,hmm
2019,religion
2020,sm
2021,engag
2022,harley
2023,shell
2024,yellow
2025,plenti
2026,ae
2027,schedul
2028,satisfi
2029,length
2030,ps
2031,ministri
2032,northern
2033,thoma
2034,cycl
2035,justic
2036,african
2037,conduct
2038,assembl
2039,inconveni
2040,solicit
2041,ffffff
2042,self
2043,henc
2044,img
2045,rose
2046,rout
2047,began
2048,swap
2049,encount
2050,excess
2051,acquisit
2052,experienc
2053,mere
2054,duncan
2055,enforc
2056,null
2057,own
2058,farmer
2059,clock
2060,candid
2061,distro
2062,onto
2063,kate
2064,domin
2065,russian
2066,elect
2067,newspap
2068,homeown
2069,grab
2070,deep
2071,evolv
2072,minim
2073,throw
2074,da
2075,transform
2076,demonstr
2077,guido
2078,conclud
2079,scale
2080,liter
2081,straight
2082,wholesal
2083,invent
2084,attend
2085,prosper
2086,pointer
2087,london
2088,famou
2089,murder
2090,niall
2091,toll
2092,wave
2093,rank
2094,christian
2095,colleagu
2096,var
2097,unabl
2098,chat
2099,oppos
2100,context
2101,lawsuit
2102,boost
2103,televis
2104,receipt
2105,glad
2106,mix
2107,hors
2108,solid
2109,buck
2110,corrupt
2111,skin
2112,remark
2113,routin
2114,crime
2115,loop
2116,attain
2117,assert
2118,entiti
2119,resel
2120,blame
2121,preserv
2122,religi
2123,proof
2124,co
2125,valhalla
2126,russia
2127,replica
2128,paypal
2129,brent
2130,habea
2131,marshalles
2132,accur
2133,asia
2134,vircio
2135,glm
2136,newsgroup
2137,scientif
2138,tune
2139,webmast
2140,abacha
2141,inkjet
2142,mathemat
2143,icq
2144,forest
2145,tast
2146,passphras
2147,moral
2148,numer
2149,inspir
2150,joseph
2151,frequent
2152,column
2153,rise
2154,throughout
2155,ben
2156,formal
2157,hint
2158,yield
2159,heavi
2160,chart
2161,song
2162,brother
2163,mountain
2164,sheet
2165,hash
2166,jar
2167,bless
2168,victim
2169,embed
2170,destroy
2171,po
2172,visitor
2173,bu
2174,regardless
2175,na
2176,freebsd
2177,classic
2178,dog
2179,decemb
2180,pure
2181,remind
2182,trace
2183,ed
2184,branch
2185,drink
2186,chip
2187,town
2188,limbo
2189,consequ
2190,incompat
2191,bay
2192,mess
2193,amateur
2194,logic
2195,aim
2196,labor
2197,pars
2198,il
2199,gambl
2200,exceed
2201,worker
2202,medium
2203,exhibit
2204,assign
2205,imho
2206,joke
2207,focus
2208,ladi
2209,adapt
2210,violenc
2211,est
2212,crap
2213,satisfact
2214,spamtrap
2215,export
2216,spirit
2217,privileg
2218,negoti
2219,felt
2220,smoker
2221,coast
2222,topic
2223,que
2224,prize
2225,syntax
2226,specialist
2227,vice
2228,circumst
2229,incorpor
2230,batch
2231,cheaper
2232,opposit
2233,fan
2234,stamp
2235,pa
2236,tremend
2237,appoint
2238,byte
2239,complic
2240,pursu
2241,lib
2242,battl
2243,okay
2244,riaa
2245,pro
2246,older
2247,affair
2248,florida
2249,bet
2250,sur
2251,trivial
2252,strengthen
2253,liberti
2254,intel
2255,ui
2256,boundari
2257,truck
2258,lover
2259,compel
2260,chairman
2261,kit
2262,unknown
2263,entitl
2264,moder
2265,border
2266,struggl
2267,keyword
2268,sophist
2269,unwant
2270,alan
2271,gather
2272,caught
2273,jodi
2274,admit
2275,goto
2276,airlin
2277,loos
2278,compress
2279,ved
2280,wear
2281,airport
2282,hole
2283,muslim
2284,britain
2285,ownership
2286,australia
2287,sector
2288,pioneer
2289,disclosur
2290,owe
2291,dublin
2292,surfac
2293,stage
2294,transmiss
2295,mastercard
2296,trend
2297,album
2298,ideal
2299,belief
2300,ahead
2301,penni
2302,stress
2303,suffici
2304,palestinian
2305,relay
2306,majesti
2307,refus
2308,weather
2309,tin
2310,scott
2311,encod
2312,maximum
2313,adjust
2314,stephen
2315,lay
2316,ice
2317,msn
2318,dice
2319,weak
2320,jack
2321,overal
2322,wa
2323,reform
2324,raw
2325,pickl
2326,mplayer
2327,assumpt
2328,dump
2329,outlook
2330,maker
2331,schuman
2332,sentenc
2333,ne
2334,magic
2335,wealthi
2336,debug
2337,propag
2338,chain
2339,hide
2340,captur
2341,marri
2342,portabl
2343,curv
2344,finger
2345,influenc
2346,transpar
2347,hawaii
2348,ce
2349,astronom
2350,spring
2351,shout
2352,mandat
2353,vision
2354,session
2355,silli
2356,trademark
2357,proceed
2358,timeout
2359,egg
2360,explan
2361,whatsoev
2362,lilo
2363,admin
2364,ou
2365,holiday
2366,submiss
2367,depress
2368,catalog
2369,endeavor
2370,bone
2371,crack
2372,frustrat
2373,patrick
2374,retain
2375,dinosaur
2376,virginia
2377,outstand
2378,latter
2379,buri
2380,ram
2381,api
2382,scratch
2383,francisco
2384,randomli
2385,hospit
2386,gpg
2387,mysql
2388,unusu
2389,rah
2390,weird
2391,circl
2392,ar
2393,heck
2394,spambay
2395,inexpens
2396,besid
2397,intellectu
2398,hacker
2399,speaker
2400,ethic
2401,fli
2402,rapidli
2403,tower
2404,settl
2405,belong
2406,casino
2407,corner
2408,movement
2409,openssl
2410,xxx
2411,germani
2412,iroijlaplap
2413,preced
2414,necessarili
2415,plane
2416,tivo
2417,expos
2418,snore
2419,greatest
2420,eb
2421,scholarship
2422,joint
2423,intent
2424,constant
2425,igtt
2426,twenti
2427,recognit
2428,ez
2429,thirti
2430,prob
2431,pentium
2432,celebr
2433,abandon
2434,du
2435,organis
2436,fuel
2437,minist
2438,lean
2439,ir
2440,formul
2441,ton
2442,jeremi
2443,bomb
2444,richard
2445,marriag
2446,dr
2447,une
2448,framework
2449,forum
2450,fp
2451,maxim
2452,draft
2453,wild
2454,harvest
2455,armi
2456,theme
2457,relax
2458,es
2459,greet
2460,recov
2461,season
2462,japan
2463,arg
2464,german
2465,openssh
2466,tweak
2467,element
2468,conclus
2469,jurisdict
2470,contest
2471,decreas
2472,everywher
2473,potent
2474,rm
2475,magnitud
2476,freez
2477,invalid
2478,shoot
2479,scope
2480,advisor
2481,bond
2482,bsd
2483,council
2484,trader
2485,ratak
2486,notifi
2487,pci
2488,asian
2489,quarter
2490,flight
2491,capitalist
2492,murjel
2493,maxaman
2494,bullet
2495,leas
2496,con
2497,scenario
2498,zone
2499,navig
